fold,split_type,index
0,train,0
0,train,1
0,train,2
0,train,3
0,train,4
0,train,5
0,train,7
0,train,8
0,train,9
0,train,10
0,train,11
0,train,12
0,train,14
0,train,15
0,train,16
0,train,17
0,train,18
0,train,19
0,train,20
0,train,21
0,train,22
0,train,23
0,train,24
0,train,25
0,train,27
0,train,28
0,train,29
0,train,30
0,train,31
0,train,32
0,train,33
0,train,34
0,train,35
0,train,37
0,train,38
0,train,39
0,train,40
0,train,41
0,train,42
0,train,43
0,train,44
0,train,45
0,train,46
0,train,48
0,train,49
0,train,50
0,train,51
0,train,52
0,train,53
0,train,54
0,train,55
0,train,56
0,train,57
0,train,58
0,train,59
0,train,60
0,train,61
0,train,62
0,train,63
0,train,64
0,train,65
0,train,66
0,train,67
0,train,68
0,train,69
0,train,70
0,train,71
0,train,72
0,train,73
0,train,74
0,train,75
0,train,76
0,train,79
0,train,80
0,train,81
0,train,82
0,train,84
0,train,85
0,train,86
0,train,87
0,train,88
0,train,89
0,train,90
0,train,91
0,train,92
0,train,93
0,train,94
0,train,95
0,train,96
0,train,98
0,train,99
0,train,100
0,train,101
0,train,102
0,train,103
0,train,104
0,train,105
0,train,107
0,train,108
0,train,109
0,train,111
0,train,112
0,train,113
0,train,114
0,train,116
0,train,117
0,train,118
0,train,119
0,train,120
0,train,121
0,train,122
0,train,123
0,train,124
0,train,125
0,train,126
0,train,128
0,train,129
0,train,130
0,train,132
0,train,134
0,train,135
0,train,136
0,train,137
0,train,138
0,train,139
0,train,140
0,train,141
0,train,142
0,train,143
0,train,144
0,train,146
0,train,147
0,train,148
0,train,149
0,train,150
0,train,151
0,train,152
0,train,154
0,train,155
0,train,156
0,train,157
0,train,158
0,train,159
0,train,160
0,train,161
0,train,162
0,train,163
0,train,164
0,train,165
0,train,166
0,train,167
0,train,168
0,train,169
0,train,170
0,train,171
0,train,172
0,train,173
0,train,174
0,train,175
0,train,176
0,train,177
0,train,178
0,train,179
0,train,181
0,train,182
0,train,183
0,train,184
0,train,185
0,train,186
0,train,188
0,train,189
0,train,190
0,train,192
0,train,193
0,train,194
0,train,195
0,train,196
0,train,197
0,train,198
0,train,199
0,train,200
0,train,201
0,train,202
0,train,203
0,train,204
0,train,205
0,train,206
0,train,207
0,train,208
0,train,209
0,train,210
0,train,211
0,train,212
0,train,213
0,train,214
0,train,215
0,train,216
0,train,217
0,train,218
0,train,220
0,train,221
0,train,222
0,train,223
0,train,224
0,train,225
0,train,226
0,train,227
0,train,228
0,train,229
0,train,231
0,train,232
0,train,233
0,train,234
0,train,235
0,train,236
0,train,238
0,train,240
0,train,241
0,train,242
0,train,243
0,train,244
0,train,245
0,train,246
0,train,247
0,train,248
0,train,249
0,train,250
0,train,251
0,train,252
0,train,253
0,train,254
0,train,255
0,train,256
0,train,257
0,train,258
0,train,259
0,train,260
0,train,261
0,train,263
0,train,264
0,train,265
0,train,267
0,train,268
0,train,269
0,train,270
0,train,272
0,train,273
0,train,274
0,train,275
0,train,276
0,train,277
0,train,278
0,train,280
0,train,281
0,train,282
0,train,283
0,train,284
0,train,285
0,train,286
0,train,287
0,train,288
0,train,289
0,train,290
0,train,291
0,train,292
0,train,293
0,train,294
0,train,295
0,train,296
0,train,297
0,train,298
0,train,299
0,train,300
0,train,301
0,train,302
0,train,303
0,train,304
0,train,306
0,train,307
0,train,308
0,train,309
0,train,310
0,train,311
0,train,313
0,train,314
0,train,315
0,train,316
0,train,317
0,train,318
0,train,320
0,train,321
0,train,322
0,train,324
0,train,325
0,train,326
0,train,327
0,train,328
0,train,329
0,train,330
0,train,331
0,train,332
0,train,333
0,train,334
0,train,335
0,train,336
0,train,337
0,train,338
0,train,339
0,train,340
0,train,341
0,train,343
0,train,344
0,train,345
0,train,349
0,train,350
0,train,352
0,train,353
0,train,354
0,train,356
0,train,357
0,train,358
0,train,359
0,train,360
0,train,361
0,train,362
0,train,363
0,train,364
0,train,365
0,train,366
0,train,367
0,train,368
0,train,369
0,train,370
0,train,371
0,train,372
0,train,373
0,train,374
0,train,375
0,train,376
0,train,377
0,train,378
0,train,379
0,train,380
0,train,381
0,train,382
0,train,383
0,train,385
0,train,388
0,train,389
0,train,390
0,train,391
0,train,393
0,train,394
0,train,395
0,train,396
0,train,397
0,train,398
0,train,399
0,train,400
0,train,401
0,train,402
0,train,403
0,train,404
0,train,405
0,train,406
0,train,407
0,train,408
0,train,409
0,train,410
0,train,411
0,train,412
0,train,413
0,train,414
0,train,415
0,train,416
0,train,417
0,train,418
0,train,419
0,train,420
0,train,421
0,train,423
0,train,424
0,train,425
0,train,426
0,train,427
0,train,428
0,train,429
0,train,430
0,train,431
0,train,432
0,train,433
0,train,434
0,train,435
0,train,436
0,train,437
0,train,438
0,train,439
0,train,440
0,train,441
0,train,442
0,train,443
0,train,444
0,train,445
0,train,447
0,train,448
0,train,449
0,train,450
0,train,451
0,train,452
0,train,453
0,train,454
0,train,455
0,train,456
0,train,457
0,train,458
0,train,459
0,train,460
0,train,461
0,train,463
0,train,464
0,train,465
0,train,466
0,train,467
0,train,468
0,train,470
0,train,471
0,train,472
0,train,473
0,train,475
0,train,476
0,train,477
0,train,478
0,train,479
0,train,480
0,train,481
0,train,482
0,train,483
0,train,484
0,train,485
0,train,486
0,train,487
0,train,489
0,train,490
0,train,491
0,train,492
0,train,493
0,train,494
0,train,495
0,train,496
0,train,497
0,train,498
0,train,499
0,train,501
0,train,502
0,train,503
0,train,505
0,train,506
0,train,507
0,train,508
0,train,509
0,train,510
0,train,511
0,train,512
0,train,513
0,train,514
0,train,515
0,train,516
0,train,517
0,train,518
0,train,519
0,train,520
0,train,521
0,train,522
0,train,523
0,train,524
0,train,525
0,train,526
0,train,527
0,train,530
0,train,531
0,train,533
0,train,534
0,train,535
0,train,536
0,train,537
0,train,538
0,train,539
0,train,540
0,train,541
0,train,542
0,train,543
0,train,544
0,train,546
0,train,547
0,train,549
0,train,550
0,train,551
0,train,552
0,train,553
0,train,554
0,train,555
0,train,556
0,train,557
0,train,558
0,train,559
0,train,560
0,train,561
0,train,562
0,train,563
0,train,564
0,train,567
0,train,568
0,train,569
0,train,570
0,train,571
0,train,572
0,train,573
0,train,574
0,train,575
0,train,576
0,train,577
0,train,579
0,train,580
0,train,581
0,train,582
0,train,583
0,train,584
0,train,585
0,train,586
0,train,587
0,train,588
0,train,589
0,train,590
0,train,593
0,train,594
0,train,595
0,train,596
0,train,597
0,train,598
0,train,599
0,train,600
0,train,601
0,train,602
0,train,603
0,train,604
0,train,605
0,train,606
0,train,607
0,train,608
0,train,609
0,train,611
0,train,612
0,train,613
0,train,614
0,train,615
0,train,616
0,train,617
0,train,619
0,train,620
0,train,621
0,train,623
0,train,624
0,train,625
0,train,626
0,train,627
0,train,628
0,train,629
0,train,630
0,train,631
0,train,632
0,train,633
0,train,634
0,train,635
0,train,636
0,train,637
0,train,638
0,train,640
0,train,641
0,train,642
0,train,643
0,train,644
0,train,645
0,train,646
0,train,647
0,train,648
0,train,649
0,train,650
0,train,651
0,train,652
0,train,653
0,train,654
0,train,656
0,train,657
0,train,659
0,train,660
0,train,661
0,train,662
0,train,663
0,train,664
0,train,665
0,train,666
0,train,667
0,train,668
0,train,669
0,train,670
0,train,671
0,train,672
0,train,673
0,train,674
0,train,675
0,train,676
0,train,677
0,train,678
0,train,679
0,train,680
0,train,682
0,train,683
0,train,684
0,train,685
0,train,686
0,train,689
0,train,690
0,train,691
0,train,692
0,train,694
0,train,695
0,train,696
0,train,697
0,train,698
0,train,699
0,test,6
0,test,13
0,test,26
0,test,36
0,test,47
0,test,77
0,test,78
0,test,83
0,test,97
0,test,106
0,test,110
0,test,115
0,test,127
0,test,131
0,test,133
0,test,145
0,test,153
0,test,180
0,test,187
0,test,191
0,test,219
0,test,230
0,test,237
0,test,239
0,test,262
0,test,266
0,test,271
0,test,279
0,test,305
0,test,312
0,test,319
0,test,323
0,test,342
0,test,346
0,test,347
0,test,348
0,test,351
0,test,355
0,test,384
0,test,386
0,test,387
0,test,392
0,test,422
0,test,446
0,test,462
0,test,469
0,test,474
0,test,488
0,test,500
0,test,504
0,test,528
0,test,529
0,test,532
0,test,545
0,test,548
0,test,565
0,test,566
0,test,578
0,test,591
0,test,592
0,test,610
0,test,618
0,test,622
0,test,639
0,test,655
0,test,658
0,test,681
0,test,687
0,test,688
0,test,693
1,train,0
1,train,1
1,train,2
1,train,3
1,train,4
1,train,5
1,train,6
1,train,7
1,train,8
1,train,9
1,train,11
1,train,12
1,train,13
1,train,14
1,train,15
1,train,16
1,train,17
1,train,18
1,train,19
1,train,21
1,train,23
1,train,24
1,train,25
1,train,26
1,train,27
1,train,29
1,train,30
1,train,31
1,train,32
1,train,34
1,train,35
1,train,36
1,train,37
1,train,38
1,train,39
1,train,40
1,train,41
1,train,42
1,train,43
1,train,45
1,train,46
1,train,47
1,train,48
1,train,49
1,train,51
1,train,52
1,train,53
1,train,54
1,train,55
1,train,56
1,train,57
1,train,58
1,train,59
1,train,60
1,train,61
1,train,63
1,train,64
1,train,65
1,train,66
1,train,67
1,train,68
1,train,69
1,train,70
1,train,71
1,train,72
1,train,73
1,train,74
1,train,75
1,train,76
1,train,77
1,train,78
1,train,79
1,train,80
1,train,81
1,train,82
1,train,83
1,train,84
1,train,85
1,train,86
1,train,87
1,train,88
1,train,89
1,train,91
1,train,93
1,train,94
1,train,95
1,train,96
1,train,97
1,train,99
1,train,100
1,train,101
1,train,102
1,train,103
1,train,104
1,train,105
1,train,106
1,train,107
1,train,108
1,train,109
1,train,110
1,train,112
1,train,113
1,train,114
1,train,115
1,train,116
1,train,117
1,train,118
1,train,119
1,train,120
1,train,122
1,train,123
1,train,124
1,train,125
1,train,126
1,train,127
1,train,128
1,train,129
1,train,131
1,train,132
1,train,133
1,train,134
1,train,135
1,train,136
1,train,137
1,train,138
1,train,139
1,train,141
1,train,142
1,train,143
1,train,144
1,train,145
1,train,146
1,train,147
1,train,149
1,train,150
1,train,151
1,train,152
1,train,153
1,train,154
1,train,155
1,train,157
1,train,159
1,train,160
1,train,162
1,train,163
1,train,165
1,train,167
1,train,168
1,train,169
1,train,170
1,train,171
1,train,172
1,train,173
1,train,174
1,train,175
1,train,176
1,train,177
1,train,178
1,train,179
1,train,180
1,train,181
1,train,182
1,train,183
1,train,185
1,train,186
1,train,187
1,train,188
1,train,189
1,train,190
1,train,191
1,train,192
1,train,194
1,train,196
1,train,197
1,train,198
1,train,199
1,train,200
1,train,201
1,train,202
1,train,203
1,train,204
1,train,206
1,train,207
1,train,208
1,train,209
1,train,210
1,train,211
1,train,212
1,train,213
1,train,214
1,train,215
1,train,216
1,train,217
1,train,218
1,train,219
1,train,220
1,train,221
1,train,222
1,train,223
1,train,224
1,train,225
1,train,226
1,train,227
1,train,228
1,train,229
1,train,230
1,train,232
1,train,233
1,train,234
1,train,235
1,train,236
1,train,237
1,train,238
1,train,239
1,train,240
1,train,241
1,train,242
1,train,243
1,train,245
1,train,246
1,train,247
1,train,250
1,train,251
1,train,252
1,train,253
1,train,254
1,train,255
1,train,256
1,train,257
1,train,258
1,train,259
1,train,260
1,train,261
1,train,262
1,train,264
1,train,265
1,train,266
1,train,267
1,train,268
1,train,269
1,train,270
1,train,271
1,train,272
1,train,273
1,train,274
1,train,275
1,train,276
1,train,277
1,train,278
1,train,279
1,train,281
1,train,282
1,train,283
1,train,284
1,train,286
1,train,287
1,train,288
1,train,289
1,train,290
1,train,291
1,train,292
1,train,293
1,train,294
1,train,295
1,train,296
1,train,297
1,train,299
1,train,300
1,train,301
1,train,302
1,train,303
1,train,304
1,train,305
1,train,306
1,train,307
1,train,308
1,train,309
1,train,310
1,train,311
1,train,312
1,train,313
1,train,315
1,train,316
1,train,317
1,train,318
1,train,319
1,train,320
1,train,321
1,train,322
1,train,323
1,train,324
1,train,325
1,train,326
1,train,327
1,train,328
1,train,329
1,train,330
1,train,332
1,train,334
1,train,335
1,train,336
1,train,337
1,train,338
1,train,339
1,train,340
1,train,341
1,train,342
1,train,343
1,train,344
1,train,345
1,train,346
1,train,347
1,train,348
1,train,351
1,train,352
1,train,353
1,train,354
1,train,355
1,train,356
1,train,357
1,train,358
1,train,360
1,train,361
1,train,362
1,train,363
1,train,364
1,train,365
1,train,366
1,train,367
1,train,368
1,train,370
1,train,371
1,train,372
1,train,373
1,train,374
1,train,375
1,train,376
1,train,377
1,train,378
1,train,379
1,train,380
1,train,381
1,train,382
1,train,383
1,train,384
1,train,385
1,train,386
1,train,387
1,train,388
1,train,389
1,train,390
1,train,391
1,train,392
1,train,393
1,train,394
1,train,395
1,train,396
1,train,397
1,train,398
1,train,399
1,train,400
1,train,401
1,train,402
1,train,403
1,train,405
1,train,406
1,train,407
1,train,408
1,train,409
1,train,410
1,train,411
1,train,412
1,train,413
1,train,414
1,train,415
1,train,416
1,train,417
1,train,420
1,train,421
1,train,422
1,train,423
1,train,424
1,train,425
1,train,426
1,train,427
1,train,428
1,train,429
1,train,430
1,train,431
1,train,432
1,train,433
1,train,434
1,train,435
1,train,436
1,train,437
1,train,438
1,train,439
1,train,440
1,train,441
1,train,442
1,train,443
1,train,444
1,train,445
1,train,446
1,train,448
1,train,449
1,train,450
1,train,452
1,train,453
1,train,454
1,train,456
1,train,457
1,train,459
1,train,460
1,train,461
1,train,462
1,train,463
1,train,464
1,train,465
1,train,467
1,train,468
1,train,469
1,train,470
1,train,471
1,train,472
1,train,474
1,train,475
1,train,476
1,train,477
1,train,478
1,train,479
1,train,480
1,train,481
1,train,482
1,train,483
1,train,484
1,train,485
1,train,487
1,train,488
1,train,489
1,train,490
1,train,492
1,train,493
1,train,497
1,train,498
1,train,499
1,train,500
1,train,501
1,train,502
1,train,503
1,train,504
1,train,505
1,train,507
1,train,508
1,train,509
1,train,510
1,train,511
1,train,512
1,train,513
1,train,514
1,train,515
1,train,517
1,train,518
1,train,519
1,train,520
1,train,521
1,train,522
1,train,523
1,train,524
1,train,525
1,train,526
1,train,527
1,train,528
1,train,529
1,train,530
1,train,531
1,train,532
1,train,533
1,train,534
1,train,535
1,train,536
1,train,537
1,train,538
1,train,539
1,train,540
1,train,541
1,train,542
1,train,543
1,train,544
1,train,545
1,train,547
1,train,548
1,train,549
1,train,550
1,train,551
1,train,552
1,train,553
1,train,554
1,train,555
1,train,556
1,train,557
1,train,558
1,train,559
1,train,560
1,train,561
1,train,562
1,train,563
1,train,564
1,train,565
1,train,566
1,train,567
1,train,568
1,train,569
1,train,570
1,train,571
1,train,572
1,train,573
1,train,574
1,train,575
1,train,576
1,train,577
1,train,578
1,train,579
1,train,581
1,train,582
1,train,583
1,train,584
1,train,585
1,train,586
1,train,587
1,train,588
1,train,589
1,train,590
1,train,591
1,train,592
1,train,593
1,train,594
1,train,596
1,train,597
1,train,598
1,train,599
1,train,601
1,train,602
1,train,603
1,train,604
1,train,605
1,train,606
1,train,607
1,train,608
1,train,609
1,train,610
1,train,611
1,train,612
1,train,613
1,train,614
1,train,615
1,train,616
1,train,617
1,train,618
1,train,619
1,train,620
1,train,621
1,train,622
1,train,624
1,train,625
1,train,626
1,train,627
1,train,628
1,train,629
1,train,630
1,train,631
1,train,632
1,train,633
1,train,634
1,train,635
1,train,636
1,train,637
1,train,638
1,train,639
1,train,641
1,train,642
1,train,643
1,train,644
1,train,645
1,train,647
1,train,648
1,train,649
1,train,650
1,train,652
1,train,653
1,train,654
1,train,655
1,train,657
1,train,658
1,train,659
1,train,660
1,train,661
1,train,662
1,train,663
1,train,664
1,train,666
1,train,667
1,train,668
1,train,669
1,train,670
1,train,673
1,train,675
1,train,676
1,train,677
1,train,678
1,train,680
1,train,681
1,train,682
1,train,683
1,train,684
1,train,685
1,train,686
1,train,687
1,train,688
1,train,689
1,train,690
1,train,691
1,train,692
1,train,693
1,train,694
1,train,695
1,train,696
1,train,697
1,train,698
1,train,699
1,test,10
1,test,20
1,test,22
1,test,28
1,test,33
1,test,44
1,test,50
1,test,62
1,test,90
1,test,92
1,test,98
1,test,111
1,test,121
1,test,130
1,test,140
1,test,148
1,test,156
1,test,158
1,test,161
1,test,164
1,test,166
1,test,184
1,test,193
1,test,195
1,test,205
1,test,231
1,test,244
1,test,248
1,test,249
1,test,263
1,test,280
1,test,285
1,test,298
1,test,314
1,test,331
1,test,333
1,test,349
1,test,350
1,test,359
1,test,369
1,test,404
1,test,418
1,test,419
1,test,447
1,test,451
1,test,455
1,test,458
1,test,466
1,test,473
1,test,486
1,test,491
1,test,494
1,test,495
1,test,496
1,test,506
1,test,516
1,test,546
1,test,580
1,test,595
1,test,600
1,test,623
1,test,640
1,test,646
1,test,651
1,test,656
1,test,665
1,test,671
1,test,672
1,test,674
1,test,679
2,train,0
2,train,1
2,train,3
2,train,4
2,train,5
2,train,6
2,train,7
2,train,8
2,train,9
2,train,10
2,train,11
2,train,12
2,train,13
2,train,14
2,train,15
2,train,16
2,train,17
2,train,20
2,train,22
2,train,23
2,train,24
2,train,25
2,train,26
2,train,27
2,train,28
2,train,29
2,train,30
2,train,31
2,train,32
2,train,33
2,train,35
2,train,36
2,train,37
2,train,38
2,train,39
2,train,40
2,train,41
2,train,42
2,train,43
2,train,44
2,train,45
2,train,46
2,train,47
2,train,48
2,train,49
2,train,50
2,train,51
2,train,52
2,train,53
2,train,54
2,train,55
2,train,56
2,train,57
2,train,58
2,train,59
2,train,60
2,train,61
2,train,62
2,train,65
2,train,66
2,train,67
2,train,68
2,train,69
2,train,70
2,train,71
2,train,72
2,train,73
2,train,74
2,train,75
2,train,76
2,train,77
2,train,78
2,train,79
2,train,80
2,train,81
2,train,82
2,train,83
2,train,84
2,train,85
2,train,86
2,train,87
2,train,88
2,train,90
2,train,91
2,train,92
2,train,93
2,train,94
2,train,95
2,train,96
2,train,97
2,train,98
2,train,99
2,train,100
2,train,101
2,train,102
2,train,104
2,train,106
2,train,108
2,train,109
2,train,110
2,train,111
2,train,112
2,train,113
2,train,115
2,train,116
2,train,117
2,train,118
2,train,119
2,train,120
2,train,121
2,train,122
2,train,123
2,train,124
2,train,126
2,train,127
2,train,128
2,train,129
2,train,130
2,train,131
2,train,133
2,train,134
2,train,135
2,train,136
2,train,137
2,train,139
2,train,140
2,train,142
2,train,143
2,train,144
2,train,145
2,train,146
2,train,147
2,train,148
2,train,149
2,train,150
2,train,151
2,train,152
2,train,153
2,train,154
2,train,156
2,train,157
2,train,158
2,train,159
2,train,161
2,train,162
2,train,163
2,train,164
2,train,165
2,train,166
2,train,167
2,train,168
2,train,169
2,train,170
2,train,171
2,train,172
2,train,173
2,train,174
2,train,175
2,train,176
2,train,177
2,train,178
2,train,179
2,train,180
2,train,181
2,train,182
2,train,183
2,train,184
2,train,185
2,train,186
2,train,187
2,train,188
2,train,189
2,train,191
2,train,192
2,train,193
2,train,194
2,train,195
2,train,196
2,train,197
2,train,198
2,train,199
2,train,200
2,train,201
2,train,202
2,train,203
2,train,204
2,train,205
2,train,206
2,train,207
2,train,209
2,train,210
2,train,211
2,train,212
2,train,213
2,train,214
2,train,215
2,train,216
2,train,217
2,train,218
2,train,219
2,train,220
2,train,221
2,train,222
2,train,223
2,train,224
2,train,225
2,train,227
2,train,228
2,train,229
2,train,230
2,train,231
2,train,232
2,train,233
2,train,234
2,train,235
2,train,236
2,train,237
2,train,238
2,train,239
2,train,240
2,train,241
2,train,242
2,train,243
2,train,244
2,train,245
2,train,246
2,train,247
2,train,248
2,train,249
2,train,250
2,train,251
2,train,252
2,train,253
2,train,254
2,train,256
2,train,257
2,train,258
2,train,260
2,train,262
2,train,263
2,train,264
2,train,265
2,train,266
2,train,268
2,train,269
2,train,270
2,train,271
2,train,272
2,train,273
2,train,274
2,train,275
2,train,276
2,train,277
2,train,278
2,train,279
2,train,280
2,train,281
2,train,282
2,train,283
2,train,284
2,train,285
2,train,286
2,train,287
2,train,288
2,train,289
2,train,290
2,train,291
2,train,292
2,train,293
2,train,294
2,train,295
2,train,296
2,train,297
2,train,298
2,train,299
2,train,300
2,train,301
2,train,302
2,train,304
2,train,305
2,train,306
2,train,309
2,train,310
2,train,311
2,train,312
2,train,313
2,train,314
2,train,315
2,train,316
2,train,317
2,train,318
2,train,319
2,train,321
2,train,322
2,train,323
2,train,324
2,train,325
2,train,326
2,train,327
2,train,328
2,train,330
2,train,331
2,train,332
2,train,333
2,train,334
2,train,335
2,train,336
2,train,337
2,train,338
2,train,341
2,train,342
2,train,343
2,train,344
2,train,345
2,train,346
2,train,347
2,train,348
2,train,349
2,train,350
2,train,351
2,train,352
2,train,353
2,train,354
2,train,355
2,train,356
2,train,357
2,train,358
2,train,359
2,train,360
2,train,361
2,train,362
2,train,363
2,train,364
2,train,365
2,train,366
2,train,367
2,train,368
2,train,369
2,train,370
2,train,371
2,train,372
2,train,374
2,train,375
2,train,376
2,train,377
2,train,378
2,train,379
2,train,380
2,train,381
2,train,382
2,train,383
2,train,384
2,train,385
2,train,386
2,train,387
2,train,388
2,train,389
2,train,390
2,train,391
2,train,392
2,train,393
2,train,394
2,train,395
2,train,397
2,train,399
2,train,400
2,train,401
2,train,403
2,train,404
2,train,405
2,train,406
2,train,407
2,train,408
2,train,409
2,train,410
2,train,411
2,train,412
2,train,414
2,train,415
2,train,416
2,train,418
2,train,419
2,train,420
2,train,421
2,train,422
2,train,424
2,train,425
2,train,426
2,train,428
2,train,429
2,train,430
2,train,431
2,train,432
2,train,433
2,train,435
2,train,436
2,train,437
2,train,438
2,train,439
2,train,440
2,train,441
2,train,442
2,train,443
2,train,444
2,train,445
2,train,446
2,train,447
2,train,448
2,train,449
2,train,450
2,train,451
2,train,452
2,train,453
2,train,454
2,train,455
2,train,457
2,train,458
2,train,459
2,train,460
2,train,461
2,train,462
2,train,463
2,train,464
2,train,466
2,train,467
2,train,469
2,train,470
2,train,471
2,train,473
2,train,474
2,train,475
2,train,476
2,train,477
2,train,478
2,train,479
2,train,480
2,train,481
2,train,483
2,train,485
2,train,486
2,train,487
2,train,488
2,train,490
2,train,491
2,train,492
2,train,493
2,train,494
2,train,495
2,train,496
2,train,497
2,train,498
2,train,499
2,train,500
2,train,501
2,train,502
2,train,503
2,train,504
2,train,505
2,train,506
2,train,507
2,train,508
2,train,509
2,train,510
2,train,512
2,train,513
2,train,515
2,train,516
2,train,517
2,train,518
2,train,520
2,train,521
2,train,524
2,train,525
2,train,526
2,train,528
2,train,529
2,train,530
2,train,531
2,train,532
2,train,534
2,train,535
2,train,536
2,train,537
2,train,538
2,train,539
2,train,540
2,train,541
2,train,542
2,train,543
2,train,545
2,train,546
2,train,548
2,train,549
2,train,550
2,train,551
2,train,552
2,train,553
2,train,554
2,train,555
2,train,556
2,train,557
2,train,558
2,train,559
2,train,561
2,train,562
2,train,563
2,train,564
2,train,565
2,train,566
2,train,567
2,train,568
2,train,569
2,train,570
2,train,571
2,train,572
2,train,573
2,train,574
2,train,575
2,train,576
2,train,577
2,train,578
2,train,579
2,train,580
2,train,581
2,train,582
2,train,583
2,train,584
2,train,585
2,train,586
2,train,587
2,train,588
2,train,590
2,train,591
2,train,592
2,train,593
2,train,594
2,train,595
2,train,596
2,train,598
2,train,599
2,train,600
2,train,601
2,train,602
2,train,603
2,train,605
2,train,607
2,train,608
2,train,609
2,train,610
2,train,611
2,train,612
2,train,613
2,train,614
2,train,615
2,train,616
2,train,617
2,train,618
2,train,619
2,train,620
2,train,621
2,train,622
2,train,623
2,train,624
2,train,625
2,train,626
2,train,627
2,train,629
2,train,631
2,train,632
2,train,633
2,train,634
2,train,635
2,train,636
2,train,637
2,train,638
2,train,639
2,train,640
2,train,641
2,train,642
2,train,643
2,train,644
2,train,645
2,train,646
2,train,647
2,train,648
2,train,649
2,train,651
2,train,652
2,train,653
2,train,654
2,train,655
2,train,656
2,train,657
2,train,658
2,train,659
2,train,661
2,train,662
2,train,663
2,train,664
2,train,665
2,train,667
2,train,668
2,train,669
2,train,670
2,train,671
2,train,672
2,train,673
2,train,674
2,train,675
2,train,676
2,train,677
2,train,678
2,train,679
2,train,681
2,train,683
2,train,684
2,train,686
2,train,687
2,train,688
2,train,689
2,train,690
2,train,691
2,train,692
2,train,693
2,train,694
2,train,695
2,train,696
2,train,697
2,train,698
2,train,699
2,test,2
2,test,18
2,test,19
2,test,21
2,test,34
2,test,63
2,test,64
2,test,89
2,test,103
2,test,105
2,test,107
2,test,114
2,test,125
2,test,132
2,test,138
2,test,141
2,test,155
2,test,160
2,test,190
2,test,208
2,test,226
2,test,255
2,test,259
2,test,261
2,test,267
2,test,303
2,test,307
2,test,308
2,test,320
2,test,329
2,test,339
2,test,340
2,test,373
2,test,396
2,test,398
2,test,402
2,test,413
2,test,417
2,test,423
2,test,427
2,test,434
2,test,456
2,test,465
2,test,468
2,test,472
2,test,482
2,test,484
2,test,489
2,test,511
2,test,514
2,test,519
2,test,522
2,test,523
2,test,527
2,test,533
2,test,544
2,test,547
2,test,560
2,test,589
2,test,597
2,test,604
2,test,606
2,test,628
2,test,630
2,test,650
2,test,660
2,test,666
2,test,680
2,test,682
2,test,685
3,train,0
3,train,1
3,train,2
3,train,3
3,train,4
3,train,6
3,train,7
3,train,8
3,train,10
3,train,11
3,train,12
3,train,13
3,train,14
3,train,15
3,train,16
3,train,18
3,train,19
3,train,20
3,train,21
3,train,22
3,train,23
3,train,24
3,train,26
3,train,27
3,train,28
3,train,32
3,train,33
3,train,34
3,train,35
3,train,36
3,train,37
3,train,38
3,train,39
3,train,40
3,train,41
3,train,42
3,train,43
3,train,44
3,train,45
3,train,46
3,train,47
3,train,49
3,train,50
3,train,51
3,train,52
3,train,54
3,train,55
3,train,56
3,train,57
3,train,58
3,train,59
3,train,60
3,train,61
3,train,62
3,train,63
3,train,64
3,train,65
3,train,66
3,train,67
3,train,68
3,train,69
3,train,70
3,train,71
3,train,72
3,train,73
3,train,74
3,train,75
3,train,76
3,train,77
3,train,78
3,train,79
3,train,81
3,train,82
3,train,83
3,train,84
3,train,85
3,train,86
3,train,87
3,train,88
3,train,89
3,train,90
3,train,92
3,train,93
3,train,94
3,train,97
3,train,98
3,train,100
3,train,101
3,train,103
3,train,104
3,train,105
3,train,106
3,train,107
3,train,109
3,train,110
3,train,111
3,train,112
3,train,113
3,train,114
3,train,115
3,train,116
3,train,117
3,train,118
3,train,119
3,train,120
3,train,121
3,train,122
3,train,124
3,train,125
3,train,126
3,train,127
3,train,129
3,train,130
3,train,131
3,train,132
3,train,133
3,train,135
3,train,136
3,train,137
3,train,138
3,train,139
3,train,140
3,train,141
3,train,142
3,train,143
3,train,144
3,train,145
3,train,146
3,train,147
3,train,148
3,train,149
3,train,150
3,train,151
3,train,152
3,train,153
3,train,154
3,train,155
3,train,156
3,train,157
3,train,158
3,train,159
3,train,160
3,train,161
3,train,162
3,train,163
3,train,164
3,train,165
3,train,166
3,train,167
3,train,169
3,train,170
3,train,171
3,train,172
3,train,173
3,train,174
3,train,175
3,train,177
3,train,178
3,train,179
3,train,180
3,train,181
3,train,182
3,train,183
3,train,184
3,train,185
3,train,186
3,train,187
3,train,188
3,train,189
3,train,190
3,train,191
3,train,192
3,train,193
3,train,194
3,train,195
3,train,196
3,train,197
3,train,198
3,train,199
3,train,201
3,train,202
3,train,203
3,train,204
3,train,205
3,train,206
3,train,207
3,train,208
3,train,209
3,train,210
3,train,211
3,train,212
3,train,213
3,train,214
3,train,215
3,train,216
3,train,217
3,train,218
3,train,219
3,train,220
3,train,221
3,train,222
3,train,223
3,train,224
3,train,225
3,train,226
3,train,227
3,train,228
3,train,229
3,train,230
3,train,231
3,train,232
3,train,233
3,train,234
3,train,235
3,train,236
3,train,237
3,train,238
3,train,239
3,train,240
3,train,241
3,train,242
3,train,243
3,train,244
3,train,245
3,train,246
3,train,247
3,train,248
3,train,249
3,train,250
3,train,251
3,train,252
3,train,253
3,train,255
3,train,256
3,train,257
3,train,258
3,train,259
3,train,260
3,train,261
3,train,262
3,train,263
3,train,264
3,train,265
3,train,266
3,train,267
3,train,268
3,train,269
3,train,270
3,train,271
3,train,272
3,train,273
3,train,274
3,train,276
3,train,277
3,train,278
3,train,279
3,train,280
3,train,281
3,train,282
3,train,283
3,train,284
3,train,285
3,train,286
3,train,287
3,train,288
3,train,289
3,train,290
3,train,291
3,train,292
3,train,293
3,train,294
3,train,295
3,train,296
3,train,297
3,train,298
3,train,299
3,train,300
3,train,301
3,train,302
3,train,303
3,train,304
3,train,305
3,train,306
3,train,307
3,train,308
3,train,309
3,train,310
3,train,311
3,train,312
3,train,313
3,train,314
3,train,315
3,train,316
3,train,317
3,train,318
3,train,319
3,train,320
3,train,322
3,train,323
3,train,324
3,train,325
3,train,326
3,train,327
3,train,328
3,train,329
3,train,330
3,train,331
3,train,332
3,train,333
3,train,334
3,train,337
3,train,338
3,train,339
3,train,340
3,train,341
3,train,342
3,train,344
3,train,345
3,train,346
3,train,347
3,train,348
3,train,349
3,train,350
3,train,351
3,train,353
3,train,354
3,train,355
3,train,356
3,train,357
3,train,358
3,train,359
3,train,360
3,train,361
3,train,362
3,train,363
3,train,364
3,train,365
3,train,366
3,train,367
3,train,369
3,train,370
3,train,371
3,train,372
3,train,373
3,train,374
3,train,375
3,train,377
3,train,378
3,train,379
3,train,381
3,train,383
3,train,384
3,train,385
3,train,386
3,train,387
3,train,389
3,train,390
3,train,391
3,train,392
3,train,394
3,train,395
3,train,396
3,train,397
3,train,398
3,train,399
3,train,401
3,train,402
3,train,404
3,train,405
3,train,406
3,train,407
3,train,408
3,train,409
3,train,410
3,train,411
3,train,412
3,train,413
3,train,414
3,train,415
3,train,416
3,train,417
3,train,418
3,train,419
3,train,421
3,train,422
3,train,423
3,train,424
3,train,425
3,train,426
3,train,427
3,train,428
3,train,429
3,train,430
3,train,431
3,train,434
3,train,435
3,train,437
3,train,438
3,train,439
3,train,440
3,train,441
3,train,442
3,train,443
3,train,445
3,train,446
3,train,447
3,train,448
3,train,449
3,train,450
3,train,451
3,train,453
3,train,454
3,train,455
3,train,456
3,train,458
3,train,459
3,train,460
3,train,462
3,train,463
3,train,464
3,train,465
3,train,466
3,train,467
3,train,468
3,train,469
3,train,470
3,train,471
3,train,472
3,train,473
3,train,474
3,train,475
3,train,476
3,train,477
3,train,478
3,train,479
3,train,480
3,train,481
3,train,482
3,train,484
3,train,485
3,train,486
3,train,487
3,train,488
3,train,489
3,train,490
3,train,491
3,train,492
3,train,493
3,train,494
3,train,495
3,train,496
3,train,497
3,train,498
3,train,499
3,train,500
3,train,501
3,train,502
3,train,503
3,train,504
3,train,505
3,train,506
3,train,507
3,train,508
3,train,509
3,train,510
3,train,511
3,train,512
3,train,513
3,train,514
3,train,515
3,train,516
3,train,517
3,train,518
3,train,519
3,train,520
3,train,521
3,train,522
3,train,523
3,train,524
3,train,525
3,train,526
3,train,527
3,train,528
3,train,529
3,train,530
3,train,531
3,train,532
3,train,533
3,train,534
3,train,535
3,train,536
3,train,537
3,train,538
3,train,539
3,train,540
3,train,542
3,train,543
3,train,544
3,train,545
3,train,546
3,train,547
3,train,548
3,train,550
3,train,551
3,train,552
3,train,555
3,train,557
3,train,558
3,train,560
3,train,561
3,train,562
3,train,563
3,train,564
3,train,565
3,train,566
3,train,567
3,train,568
3,train,569
3,train,570
3,train,571
3,train,572
3,train,574
3,train,575
3,train,577
3,train,578
3,train,579
3,train,580
3,train,581
3,train,582
3,train,583
3,train,584
3,train,585
3,train,586
3,train,588
3,train,589
3,train,590
3,train,591
3,train,592
3,train,593
3,train,594
3,train,595
3,train,596
3,train,597
3,train,598
3,train,599
3,train,600
3,train,601
3,train,602
3,train,603
3,train,604
3,train,606
3,train,607
3,train,609
3,train,610
3,train,611
3,train,612
3,train,613
3,train,615
3,train,616
3,train,617
3,train,618
3,train,620
3,train,622
3,train,623
3,train,624
3,train,625
3,train,626
3,train,627
3,train,628
3,train,629
3,train,630
3,train,631
3,train,632
3,train,633
3,train,634
3,train,637
3,train,639
3,train,640
3,train,641
3,train,642
3,train,643
3,train,644
3,train,645
3,train,646
3,train,647
3,train,648
3,train,649
3,train,650
3,train,651
3,train,652
3,train,653
3,train,654
3,train,655
3,train,656
3,train,657
3,train,658
3,train,659
3,train,660
3,train,661
3,train,662
3,train,663
3,train,664
3,train,665
3,train,666
3,train,667
3,train,668
3,train,669
3,train,670
3,train,671
3,train,672
3,train,673
3,train,674
3,train,675
3,train,676
3,train,678
3,train,679
3,train,680
3,train,681
3,train,682
3,train,683
3,train,684
3,train,685
3,train,686
3,train,687
3,train,688
3,train,690
3,train,691
3,train,692
3,train,693
3,train,697
3,test,5
3,test,9
3,test,17
3,test,25
3,test,29
3,test,30
3,test,31
3,test,48
3,test,53
3,test,80
3,test,91
3,test,95
3,test,96
3,test,99
3,test,102
3,test,108
3,test,123
3,test,128
3,test,134
3,test,168
3,test,176
3,test,200
3,test,254
3,test,275
3,test,321
3,test,335
3,test,336
3,test,343
3,test,352
3,test,368
3,test,376
3,test,380
3,test,382
3,test,388
3,test,393
3,test,400
3,test,403
3,test,420
3,test,432
3,test,433
3,test,436
3,test,444
3,test,452
3,test,457
3,test,461
3,test,483
3,test,541
3,test,549
3,test,553
3,test,554
3,test,556
3,test,559
3,test,573
3,test,576
3,test,587
3,test,605
3,test,608
3,test,614
3,test,619
3,test,621
3,test,635
3,test,636
3,test,638
3,test,677
3,test,689
3,test,694
3,test,695
3,test,696
3,test,698
3,test,699
4,train,0
4,train,1
4,train,2
4,train,3
4,train,4
4,train,5
4,train,6
4,train,7
4,train,8
4,train,9
4,train,10
4,train,11
4,train,13
4,train,14
4,train,15
4,train,16
4,train,17
4,train,18
4,train,19
4,train,20
4,train,21
4,train,22
4,train,23
4,train,24
4,train,25
4,train,26
4,train,27
4,train,28
4,train,29
4,train,30
4,train,31
4,train,32
4,train,33
4,train,34
4,train,35
4,train,36
4,train,37
4,train,38
4,train,39
4,train,40
4,train,41
4,train,43
4,train,44
4,train,46
4,train,47
4,train,48
4,train,50
4,train,52
4,train,53
4,train,54
4,train,55
4,train,57
4,train,58
4,train,59
4,train,60
4,train,61
4,train,62
4,train,63
4,train,64
4,train,65
4,train,67
4,train,68
4,train,69
4,train,71
4,train,72
4,train,73
4,train,74
4,train,75
4,train,77
4,train,78
4,train,79
4,train,80
4,train,82
4,train,83
4,train,84
4,train,85
4,train,86
4,train,87
4,train,88
4,train,89
4,train,90
4,train,91
4,train,92
4,train,93
4,train,95
4,train,96
4,train,97
4,train,98
4,train,99
4,train,100
4,train,101
4,train,102
4,train,103
4,train,104
4,train,105
4,train,106
4,train,107
4,train,108
4,train,110
4,train,111
4,train,112
4,train,113
4,train,114
4,train,115
4,train,116
4,train,117
4,train,118
4,train,119
4,train,120
4,train,121
4,train,122
4,train,123
4,train,125
4,train,126
4,train,127
4,train,128
4,train,129
4,train,130
4,train,131
4,train,132
4,train,133
4,train,134
4,train,135
4,train,136
4,train,137
4,train,138
4,train,139
4,train,140
4,train,141
4,train,143
4,train,145
4,train,146
4,train,148
4,train,149
4,train,150
4,train,151
4,train,152
4,train,153
4,train,154
4,train,155
4,train,156
4,train,157
4,train,158
4,train,159
4,train,160
4,train,161
4,train,162
4,train,164
4,train,165
4,train,166
4,train,167
4,train,168
4,train,169
4,train,170
4,train,171
4,train,172
4,train,173
4,train,174
4,train,176
4,train,177
4,train,178
4,train,179
4,train,180
4,train,181
4,train,182
4,train,183
4,train,184
4,train,186
4,train,187
4,train,188
4,train,189
4,train,190
4,train,191
4,train,192
4,train,193
4,train,194
4,train,195
4,train,196
4,train,197
4,train,198
4,train,199
4,train,200
4,train,201
4,train,202
4,train,204
4,train,205
4,train,206
4,train,207
4,train,208
4,train,209
4,train,210
4,train,211
4,train,212
4,train,216
4,train,217
4,train,218
4,train,219
4,train,220
4,train,221
4,train,223
4,train,224
4,train,225
4,train,226
4,train,227
4,train,228
4,train,229
4,train,230
4,train,231
4,train,233
4,train,234
4,train,235
4,train,236
4,train,237
4,train,239
4,train,241
4,train,243
4,train,244
4,train,245
4,train,246
4,train,247
4,train,248
4,train,249
4,train,250
4,train,251
4,train,252
4,train,253
4,train,254
4,train,255
4,train,256
4,train,257
4,train,258
4,train,259
4,train,260
4,train,261
4,train,262
4,train,263
4,train,264
4,train,265
4,train,266
4,train,267
4,train,268
4,train,269
4,train,270
4,train,271
4,train,272
4,train,274
4,train,275
4,train,277
4,train,278
4,train,279
4,train,280
4,train,282
4,train,283
4,train,285
4,train,286
4,train,287
4,train,288
4,train,289
4,train,290
4,train,291
4,train,292
4,train,293
4,train,294
4,train,295
4,train,296
4,train,297
4,train,298
4,train,299
4,train,300
4,train,301
4,train,303
4,train,304
4,train,305
4,train,306
4,train,307
4,train,308
4,train,309
4,train,310
4,train,311
4,train,312
4,train,313
4,train,314
4,train,315
4,train,316
4,train,317
4,train,318
4,train,319
4,train,320
4,train,321
4,train,323
4,train,324
4,train,325
4,train,327
4,train,329
4,train,331
4,train,332
4,train,333
4,train,334
4,train,335
4,train,336
4,train,337
4,train,338
4,train,339
4,train,340
4,train,341
4,train,342
4,train,343
4,train,344
4,train,345
4,train,346
4,train,347
4,train,348
4,train,349
4,train,350
4,train,351
4,train,352
4,train,353
4,train,354
4,train,355
4,train,356
4,train,357
4,train,358
4,train,359
4,train,360
4,train,361
4,train,362
4,train,363
4,train,365
4,train,366
4,train,367
4,train,368
4,train,369
4,train,370
4,train,371
4,train,373
4,train,374
4,train,375
4,train,376
4,train,377
4,train,378
4,train,379
4,train,380
4,train,382
4,train,383
4,train,384
4,train,385
4,train,386
4,train,387
4,train,388
4,train,389
4,train,390
4,train,391
4,train,392
4,train,393
4,train,394
4,train,395
4,train,396
4,train,398
4,train,399
4,train,400
4,train,401
4,train,402
4,train,403
4,train,404
4,train,405
4,train,406
4,train,407
4,train,408
4,train,409
4,train,410
4,train,411
4,train,412
4,train,413
4,train,415
4,train,416
4,train,417
4,train,418
4,train,419
4,train,420
4,train,422
4,train,423
4,train,424
4,train,425
4,train,426
4,train,427
4,train,428
4,train,429
4,train,430
4,train,431
4,train,432
4,train,433
4,train,434
4,train,435
4,train,436
4,train,437
4,train,438
4,train,439
4,train,440
4,train,442
4,train,443
4,train,444
4,train,445
4,train,446
4,train,447
4,train,448
4,train,450
4,train,451
4,train,452
4,train,454
4,train,455
4,train,456
4,train,457
4,train,458
4,train,459
4,train,460
4,train,461
4,train,462
4,train,463
4,train,464
4,train,465
4,train,466
4,train,467
4,train,468
4,train,469
4,train,471
4,train,472
4,train,473
4,train,474
4,train,475
4,train,476
4,train,477
4,train,479
4,train,480
4,train,481
4,train,482
4,train,483
4,train,484
4,train,485
4,train,486
4,train,487
4,train,488
4,train,489
4,train,491
4,train,492
4,train,494
4,train,495
4,train,496
4,train,497
4,train,498
4,train,500
4,train,501
4,train,502
4,train,503
4,train,504
4,train,505
4,train,506
4,train,507
4,train,508
4,train,510
4,train,511
4,train,512
4,train,513
4,train,514
4,train,515
4,train,516
4,train,518
4,train,519
4,train,520
4,train,521
4,train,522
4,train,523
4,train,524
4,train,525
4,train,526
4,train,527
4,train,528
4,train,529
4,train,530
4,train,531
4,train,532
4,train,533
4,train,535
4,train,537
4,train,538
4,train,539
4,train,540
4,train,541
4,train,542
4,train,543
4,train,544
4,train,545
4,train,546
4,train,547
4,train,548
4,train,549
4,train,550
4,train,551
4,train,552
4,train,553
4,train,554
4,train,556
4,train,557
4,train,558
4,train,559
4,train,560
4,train,561
4,train,562
4,train,563
4,train,564
4,train,565
4,train,566
4,train,568
4,train,569
4,train,570
4,train,571
4,train,572
4,train,573
4,train,574
4,train,575
4,train,576
4,train,577
4,train,578
4,train,580
4,train,581
4,train,582
4,train,583
4,train,584
4,train,585
4,train,587
4,train,588
4,train,589
4,train,591
4,train,592
4,train,593
4,train,594
4,train,595
4,train,596
4,train,597
4,train,598
4,train,599
4,train,600
4,train,601
4,train,602
4,train,603
4,train,604
4,train,605
4,train,606
4,train,607
4,train,608
4,train,609
4,train,610
4,train,611
4,train,612
4,train,614
4,train,615
4,train,616
4,train,617
4,train,618
4,train,619
4,train,620
4,train,621
4,train,622
4,train,623
4,train,624
4,train,625
4,train,626
4,train,627
4,train,628
4,train,629
4,train,630
4,train,631
4,train,632
4,train,633
4,train,634
4,train,635
4,train,636
4,train,637
4,train,638
4,train,639
4,train,640
4,train,641
4,train,643
4,train,645
4,train,646
4,train,647
4,train,649
4,train,650
4,train,651
4,train,653
4,train,655
4,train,656
4,train,657
4,train,658
4,train,659
4,train,660
4,train,661
4,train,663
4,train,664
4,train,665
4,train,666
4,train,667
4,train,668
4,train,669
4,train,670
4,train,671
4,train,672
4,train,673
4,train,674
4,train,676
4,train,677
4,train,678
4,train,679
4,train,680
4,train,681
4,train,682
4,train,683
4,train,685
4,train,686
4,train,687
4,train,688
4,train,689
4,train,690
4,train,691
4,train,692
4,train,693
4,train,694
4,train,695
4,train,696
4,train,698
4,train,699
4,test,12
4,test,42
4,test,45
4,test,49
4,test,51
4,test,56
4,test,66
4,test,70
4,test,76
4,test,81
4,test,94
4,test,109
4,test,124
4,test,142
4,test,144
4,test,147
4,test,163
4,test,175
4,test,185
4,test,203
4,test,213
4,test,214
4,test,215
4,test,222
4,test,232
4,test,238
4,test,240
4,test,242
4,test,273
4,test,276
4,test,281
4,test,284
4,test,302
4,test,322
4,test,326
4,test,328
4,test,330
4,test,364
4,test,372
4,test,381
4,test,397
4,test,414
4,test,421
4,test,441
4,test,449
4,test,453
4,test,470
4,test,478
4,test,490
4,test,493
4,test,499
4,test,509
4,test,517
4,test,534
4,test,536
4,test,555
4,test,567
4,test,579
4,test,586
4,test,590
4,test,613
4,test,642
4,test,644
4,test,648
4,test,652
4,test,654
4,test,662
4,test,675
4,test,684
4,test,697
5,train,0
5,train,1
5,train,2
5,train,4
5,train,5
5,train,6
5,train,7
5,train,8
5,train,9
5,train,10
5,train,11
5,train,12
5,train,13
5,train,14
5,train,15
5,train,17
5,train,18
5,train,19
5,train,20
5,train,21
5,train,22
5,train,24
5,train,25
5,train,26
5,train,27
5,train,28
5,train,29
5,train,30
5,train,31
5,train,32
5,train,33
5,train,34
5,train,35
5,train,36
5,train,38
5,train,40
5,train,41
5,train,42
5,train,43
5,train,44
5,train,45
5,train,46
5,train,47
5,train,48
5,train,49
5,train,50
5,train,51
5,train,52
5,train,53
5,train,54
5,train,55
5,train,56
5,train,57
5,train,58
5,train,60
5,train,62
5,train,63
5,train,64
5,train,65
5,train,66
5,train,67
5,train,68
5,train,69
5,train,70
5,train,72
5,train,73
5,train,74
5,train,76
5,train,77
5,train,78
5,train,79
5,train,80
5,train,81
5,train,82
5,train,83
5,train,85
5,train,86
5,train,88
5,train,89
5,train,90
5,train,91
5,train,92
5,train,93
5,train,94
5,train,95
5,train,96
5,train,97
5,train,98
5,train,99
5,train,100
5,train,101
5,train,102
5,train,103
5,train,104
5,train,105
5,train,106
5,train,107
5,train,108
5,train,109
5,train,110
5,train,111
5,train,112
5,train,114
5,train,115
5,train,117
5,train,120
5,train,121
5,train,122
5,train,123
5,train,124
5,train,125
5,train,126
5,train,127
5,train,128
5,train,129
5,train,130
5,train,131
5,train,132
5,train,133
5,train,134
5,train,135
5,train,136
5,train,138
5,train,139
5,train,140
5,train,141
5,train,142
5,train,143
5,train,144
5,train,145
5,train,147
5,train,148
5,train,149
5,train,151
5,train,152
5,train,153
5,train,154
5,train,155
5,train,156
5,train,157
5,train,158
5,train,159
5,train,160
5,train,161
5,train,162
5,train,163
5,train,164
5,train,165
5,train,166
5,train,168
5,train,169
5,train,170
5,train,171
5,train,172
5,train,173
5,train,174
5,train,175
5,train,176
5,train,177
5,train,178
5,train,179
5,train,180
5,train,182
5,train,183
5,train,184
5,train,185
5,train,186
5,train,187
5,train,188
5,train,189
5,train,190
5,train,191
5,train,192
5,train,193
5,train,194
5,train,195
5,train,196
5,train,197
5,train,198
5,train,200
5,train,201
5,train,202
5,train,203
5,train,204
5,train,205
5,train,206
5,train,207
5,train,208
5,train,209
5,train,210
5,train,211
5,train,212
5,train,213
5,train,214
5,train,215
5,train,217
5,train,219
5,train,220
5,train,221
5,train,222
5,train,223
5,train,224
5,train,225
5,train,226
5,train,227
5,train,228
5,train,230
5,train,231
5,train,232
5,train,233
5,train,234
5,train,236
5,train,237
5,train,238
5,train,239
5,train,240
5,train,241
5,train,242
5,train,243
5,train,244
5,train,245
5,train,246
5,train,247
5,train,248
5,train,249
5,train,251
5,train,253
5,train,254
5,train,255
5,train,256
5,train,257
5,train,258
5,train,259
5,train,261
5,train,262
5,train,263
5,train,264
5,train,265
5,train,266
5,train,267
5,train,268
5,train,269
5,train,271
5,train,272
5,train,273
5,train,274
5,train,275
5,train,276
5,train,279
5,train,280
5,train,281
5,train,282
5,train,283
5,train,284
5,train,285
5,train,286
5,train,287
5,train,288
5,train,289
5,train,290
5,train,291
5,train,292
5,train,293
5,train,296
5,train,297
5,train,298
5,train,299
5,train,300
5,train,301
5,train,302
5,train,303
5,train,305
5,train,306
5,train,307
5,train,308
5,train,309
5,train,310
5,train,311
5,train,312
5,train,313
5,train,314
5,train,315
5,train,316
5,train,318
5,train,319
5,train,320
5,train,321
5,train,322
5,train,323
5,train,324
5,train,325
5,train,326
5,train,327
5,train,328
5,train,329
5,train,330
5,train,331
5,train,332
5,train,333
5,train,334
5,train,335
5,train,336
5,train,338
5,train,339
5,train,340
5,train,342
5,train,343
5,train,345
5,train,346
5,train,347
5,train,348
5,train,349
5,train,350
5,train,351
5,train,352
5,train,353
5,train,354
5,train,355
5,train,357
5,train,358
5,train,359
5,train,360
5,train,361
5,train,362
5,train,363
5,train,364
5,train,365
5,train,367
5,train,368
5,train,369
5,train,370
5,train,371
5,train,372
5,train,373
5,train,374
5,train,375
5,train,376
5,train,377
5,train,380
5,train,381
5,train,382
5,train,383
5,train,384
5,train,385
5,train,386
5,train,387
5,train,388
5,train,389
5,train,390
5,train,391
5,train,392
5,train,393
5,train,394
5,train,395
5,train,396
5,train,397
5,train,398
5,train,399
5,train,400
5,train,401
5,train,402
5,train,403
5,train,404
5,train,405
5,train,406
5,train,407
5,train,408
5,train,409
5,train,411
5,train,412
5,train,413
5,train,414
5,train,416
5,train,417
5,train,418
5,train,419
5,train,420
5,train,421
5,train,422
5,train,423
5,train,425
5,train,426
5,train,427
5,train,428
5,train,429
5,train,430
5,train,432
5,train,433
5,train,434
5,train,435
5,train,436
5,train,438
5,train,439
5,train,440
5,train,441
5,train,442
5,train,443
5,train,444
5,train,445
5,train,446
5,train,447
5,train,448
5,train,449
5,train,450
5,train,451
5,train,452
5,train,453
5,train,454
5,train,455
5,train,456
5,train,457
5,train,458
5,train,459
5,train,460
5,train,461
5,train,462
5,train,463
5,train,464
5,train,465
5,train,466
5,train,467
5,train,468
5,train,469
5,train,470
5,train,471
5,train,472
5,train,473
5,train,474
5,train,476
5,train,478
5,train,480
5,train,482
5,train,483
5,train,484
5,train,485
5,train,486
5,train,488
5,train,489
5,train,490
5,train,491
5,train,492
5,train,493
5,train,494
5,train,495
5,train,496
5,train,497
5,train,498
5,train,499
5,train,500
5,train,501
5,train,502
5,train,503
5,train,504
5,train,505
5,train,506
5,train,507
5,train,508
5,train,509
5,train,511
5,train,512
5,train,513
5,train,514
5,train,515
5,train,516
5,train,517
5,train,519
5,train,521
5,train,522
5,train,523
5,train,525
5,train,526
5,train,527
5,train,528
5,train,529
5,train,530
5,train,532
5,train,533
5,train,534
5,train,535
5,train,536
5,train,537
5,train,538
5,train,539
5,train,540
5,train,541
5,train,542
5,train,543
5,train,544
5,train,545
5,train,546
5,train,547
5,train,548
5,train,549
5,train,550
5,train,551
5,train,553
5,train,554
5,train,555
5,train,556
5,train,558
5,train,559
5,train,560
5,train,561
5,train,562
5,train,563
5,train,564
5,train,565
5,train,566
5,train,567
5,train,568
5,train,569
5,train,570
5,train,571
5,train,572
5,train,573
5,train,574
5,train,575
5,train,576
5,train,577
5,train,578
5,train,579
5,train,580
5,train,581
5,train,582
5,train,583
5,train,584
5,train,585
5,train,586
5,train,587
5,train,589
5,train,590
5,train,591
5,train,592
5,train,593
5,train,594
5,train,595
5,train,596
5,train,597
5,train,598
5,train,599
5,train,600
5,train,602
5,train,603
5,train,604
5,train,605
5,train,606
5,train,608
5,train,609
5,train,610
5,train,611
5,train,612
5,train,613
5,train,614
5,train,616
5,train,618
5,train,619
5,train,620
5,train,621
5,train,622
5,train,623
5,train,624
5,train,626
5,train,627
5,train,628
5,train,629
5,train,630
5,train,631
5,train,632
5,train,633
5,train,634
5,train,635
5,train,636
5,train,638
5,train,639
5,train,640
5,train,641
5,train,642
5,train,643
5,train,644
5,train,645
5,train,646
5,train,647
5,train,648
5,train,649
5,train,650
5,train,651
5,train,652
5,train,653
5,train,654
5,train,655
5,train,656
5,train,657
5,train,658
5,train,659
5,train,660
5,train,661
5,train,662
5,train,663
5,train,665
5,train,666
5,train,668
5,train,669
5,train,670
5,train,671
5,train,672
5,train,674
5,train,675
5,train,676
5,train,677
5,train,678
5,train,679
5,train,680
5,train,681
5,train,682
5,train,683
5,train,684
5,train,685
5,train,687
5,train,688
5,train,689
5,train,690
5,train,691
5,train,692
5,train,693
5,train,694
5,train,695
5,train,696
5,train,697
5,train,698
5,train,699
5,test,3
5,test,16
5,test,23
5,test,37
5,test,39
5,test,59
5,test,61
5,test,71
5,test,75
5,test,84
5,test,87
5,test,113
5,test,116
5,test,118
5,test,119
5,test,137
5,test,146
5,test,150
5,test,167
5,test,181
5,test,199
5,test,216
5,test,218
5,test,229
5,test,235
5,test,250
5,test,252
5,test,260
5,test,270
5,test,277
5,test,278
5,test,294
5,test,295
5,test,304
5,test,317
5,test,337
5,test,341
5,test,344
5,test,356
5,test,366
5,test,378
5,test,379
5,test,410
5,test,415
5,test,424
5,test,431
5,test,437
5,test,475
5,test,477
5,test,479
5,test,481
5,test,487
5,test,510
5,test,518
5,test,520
5,test,524
5,test,531
5,test,552
5,test,557
5,test,588
5,test,601
5,test,607
5,test,615
5,test,617
5,test,625
5,test,637
5,test,664
5,test,667
5,test,673
5,test,686
6,train,0
6,train,1
6,train,2
6,train,3
6,train,4
6,train,5
6,train,6
6,train,7
6,train,9
6,train,10
6,train,11
6,train,12
6,train,13
6,train,14
6,train,16
6,train,17
6,train,18
6,train,19
6,train,20
6,train,21
6,train,22
6,train,23
6,train,25
6,train,26
6,train,28
6,train,29
6,train,30
6,train,31
6,train,32
6,train,33
6,train,34
6,train,36
6,train,37
6,train,38
6,train,39
6,train,41
6,train,42
6,train,43
6,train,44
6,train,45
6,train,46
6,train,47
6,train,48
6,train,49
6,train,50
6,train,51
6,train,52
6,train,53
6,train,54
6,train,55
6,train,56
6,train,57
6,train,59
6,train,60
6,train,61
6,train,62
6,train,63
6,train,64
6,train,65
6,train,66
6,train,67
6,train,68
6,train,70
6,train,71
6,train,73
6,train,75
6,train,76
6,train,77
6,train,78
6,train,79
6,train,80
6,train,81
6,train,83
6,train,84
6,train,85
6,train,86
6,train,87
6,train,88
6,train,89
6,train,90
6,train,91
6,train,92
6,train,93
6,train,94
6,train,95
6,train,96
6,train,97
6,train,98
6,train,99
6,train,100
6,train,102
6,train,103
6,train,104
6,train,105
6,train,106
6,train,107
6,train,108
6,train,109
6,train,110
6,train,111
6,train,112
6,train,113
6,train,114
6,train,115
6,train,116
6,train,117
6,train,118
6,train,119
6,train,120
6,train,121
6,train,123
6,train,124
6,train,125
6,train,126
6,train,127
6,train,128
6,train,129
6,train,130
6,train,131
6,train,132
6,train,133
6,train,134
6,train,136
6,train,137
6,train,138
6,train,139
6,train,140
6,train,141
6,train,142
6,train,144
6,train,145
6,train,146
6,train,147
6,train,148
6,train,149
6,train,150
6,train,152
6,train,153
6,train,154
6,train,155
6,train,156
6,train,157
6,train,158
6,train,160
6,train,161
6,train,162
6,train,163
6,train,164
6,train,166
6,train,167
6,train,168
6,train,169
6,train,170
6,train,171
6,train,172
6,train,173
6,train,175
6,train,176
6,train,177
6,train,178
6,train,179
6,train,180
6,train,181
6,train,183
6,train,184
6,train,185
6,train,186
6,train,187
6,train,188
6,train,189
6,train,190
6,train,191
6,train,192
6,train,193
6,train,194
6,train,195
6,train,196
6,train,198
6,train,199
6,train,200
6,train,202
6,train,203
6,train,205
6,train,206
6,train,207
6,train,208
6,train,209
6,train,211
6,train,212
6,train,213
6,train,214
6,train,215
6,train,216
6,train,217
6,train,218
6,train,219
6,train,220
6,train,222
6,train,223
6,train,224
6,train,225
6,train,226
6,train,228
6,train,229
6,train,230
6,train,231
6,train,232
6,train,233
6,train,234
6,train,235
6,train,236
6,train,237
6,train,238
6,train,239
6,train,240
6,train,241
6,train,242
6,train,244
6,train,246
6,train,248
6,train,249
6,train,250
6,train,251
6,train,252
6,train,253
6,train,254
6,train,255
6,train,257
6,train,258
6,train,259
6,train,260
6,train,261
6,train,262
6,train,263
6,train,264
6,train,265
6,train,266
6,train,267
6,train,269
6,train,270
6,train,271
6,train,272
6,train,273
6,train,275
6,train,276
6,train,277
6,train,278
6,train,279
6,train,280
6,train,281
6,train,282
6,train,283
6,train,284
6,train,285
6,train,287
6,train,289
6,train,290
6,train,292
6,train,293
6,train,294
6,train,295
6,train,296
6,train,297
6,train,298
6,train,299
6,train,301
6,train,302
6,train,303
6,train,304
6,train,305
6,train,306
6,train,307
6,train,308
6,train,309
6,train,310
6,train,312
6,train,314
6,train,316
6,train,317
6,train,318
6,train,319
6,train,320
6,train,321
6,train,322
6,train,323
6,train,325
6,train,326
6,train,327
6,train,328
6,train,329
6,train,330
6,train,331
6,train,332
6,train,333
6,train,334
6,train,335
6,train,336
6,train,337
6,train,338
6,train,339
6,train,340
6,train,341
6,train,342
6,train,343
6,train,344
6,train,345
6,train,346
6,train,347
6,train,348
6,train,349
6,train,350
6,train,351
6,train,352
6,train,353
6,train,354
6,train,355
6,train,356
6,train,359
6,train,360
6,train,361
6,train,362
6,train,363
6,train,364
6,train,365
6,train,366
6,train,368
6,train,369
6,train,370
6,train,371
6,train,372
6,train,373
6,train,374
6,train,375
6,train,376
6,train,377
6,train,378
6,train,379
6,train,380
6,train,381
6,train,382
6,train,384
6,train,385
6,train,386
6,train,387
6,train,388
6,train,389
6,train,390
6,train,391
6,train,392
6,train,393
6,train,394
6,train,396
6,train,397
6,train,398
6,train,399
6,train,400
6,train,401
6,train,402
6,train,403
6,train,404
6,train,405
6,train,406
6,train,407
6,train,408
6,train,410
6,train,412
6,train,413
6,train,414
6,train,415
6,train,416
6,train,417
6,train,418
6,train,419
6,train,420
6,train,421
6,train,422
6,train,423
6,train,424
6,train,425
6,train,427
6,train,428
6,train,430
6,train,431
6,train,432
6,train,433
6,train,434
6,train,435
6,train,436
6,train,437
6,train,438
6,train,439
6,train,441
6,train,442
6,train,443
6,train,444
6,train,445
6,train,446
6,train,447
6,train,448
6,train,449
6,train,450
6,train,451
6,train,452
6,train,453
6,train,455
6,train,456
6,train,457
6,train,458
6,train,460
6,train,461
6,train,462
6,train,463
6,train,464
6,train,465
6,train,466
6,train,467
6,train,468
6,train,469
6,train,470
6,train,471
6,train,472
6,train,473
6,train,474
6,train,475
6,train,476
6,train,477
6,train,478
6,train,479
6,train,481
6,train,482
6,train,483
6,train,484
6,train,485
6,train,486
6,train,487
6,train,488
6,train,489
6,train,490
6,train,491
6,train,492
6,train,493
6,train,494
6,train,495
6,train,496
6,train,497
6,train,498
6,train,499
6,train,500
6,train,501
6,train,502
6,train,503
6,train,504
6,train,505
6,train,506
6,train,507
6,train,508
6,train,509
6,train,510
6,train,511
6,train,513
6,train,514
6,train,515
6,train,516
6,train,517
6,train,518
6,train,519
6,train,520
6,train,521
6,train,522
6,train,523
6,train,524
6,train,525
6,train,526
6,train,527
6,train,528
6,train,529
6,train,531
6,train,532
6,train,533
6,train,534
6,train,535
6,train,536
6,train,537
6,train,538
6,train,539
6,train,540
6,train,541
6,train,542
6,train,543
6,train,544
6,train,545
6,train,546
6,train,547
6,train,548
6,train,549
6,train,550
6,train,551
6,train,552
6,train,553
6,train,554
6,train,555
6,train,556
6,train,557
6,train,558
6,train,559
6,train,560
6,train,562
6,train,563
6,train,565
6,train,566
6,train,567
6,train,569
6,train,571
6,train,572
6,train,573
6,train,575
6,train,576
6,train,577
6,train,578
6,train,579
6,train,580
6,train,581
6,train,582
6,train,583
6,train,584
6,train,585
6,train,586
6,train,587
6,train,588
6,train,589
6,train,590
6,train,591
6,train,592
6,train,593
6,train,594
6,train,595
6,train,596
6,train,597
6,train,598
6,train,599
6,train,600
6,train,601
6,train,602
6,train,603
6,train,604
6,train,605
6,train,606
6,train,607
6,train,608
6,train,609
6,train,610
6,train,612
6,train,613
6,train,614
6,train,615
6,train,616
6,train,617
6,train,618
6,train,619
6,train,620
6,train,621
6,train,622
6,train,623
6,train,624
6,train,625
6,train,626
6,train,627
6,train,628
6,train,630
6,train,631
6,train,632
6,train,635
6,train,636
6,train,637
6,train,638
6,train,639
6,train,640
6,train,642
6,train,643
6,train,644
6,train,645
6,train,646
6,train,648
6,train,649
6,train,650
6,train,651
6,train,652
6,train,654
6,train,655
6,train,656
6,train,657
6,train,658
6,train,660
6,train,661
6,train,662
6,train,663
6,train,664
6,train,665
6,train,666
6,train,667
6,train,669
6,train,670
6,train,671
6,train,672
6,train,673
6,train,674
6,train,675
6,train,676
6,train,677
6,train,678
6,train,679
6,train,680
6,train,681
6,train,682
6,train,683
6,train,684
6,train,685
6,train,686
6,train,687
6,train,688
6,train,689
6,train,690
6,train,692
6,train,693
6,train,694
6,train,695
6,train,696
6,train,697
6,train,698
6,train,699
6,test,8
6,test,15
6,test,24
6,test,27
6,test,35
6,test,40
6,test,58
6,test,69
6,test,72
6,test,74
6,test,82
6,test,101
6,test,122
6,test,135
6,test,143
6,test,151
6,test,159
6,test,165
6,test,174
6,test,182
6,test,197
6,test,201
6,test,204
6,test,210
6,test,221
6,test,227
6,test,243
6,test,245
6,test,247
6,test,256
6,test,268
6,test,274
6,test,286
6,test,288
6,test,291
6,test,300
6,test,311
6,test,313
6,test,315
6,test,324
6,test,357
6,test,358
6,test,367
6,test,383
6,test,395
6,test,409
6,test,411
6,test,426
6,test,429
6,test,440
6,test,454
6,test,459
6,test,480
6,test,512
6,test,530
6,test,561
6,test,564
6,test,568
6,test,570
6,test,574
6,test,611
6,test,629
6,test,633
6,test,634
6,test,641
6,test,647
6,test,653
6,test,659
6,test,668
6,test,691
7,train,0
7,train,2
7,train,3
7,train,4
7,train,5
7,train,6
7,train,7
7,train,8
7,train,9
7,train,10
7,train,11
7,train,12
7,train,13
7,train,15
7,train,16
7,train,17
7,train,18
7,train,19
7,train,20
7,train,21
7,train,22
7,train,23
7,train,24
7,train,25
7,train,26
7,train,27
7,train,28
7,train,29
7,train,30
7,train,31
7,train,33
7,train,34
7,train,35
7,train,36
7,train,37
7,train,39
7,train,40
7,train,41
7,train,42
7,train,44
7,train,45
7,train,47
7,train,48
7,train,49
7,train,50
7,train,51
7,train,53
7,train,54
7,train,55
7,train,56
7,train,58
7,train,59
7,train,60
7,train,61
7,train,62
7,train,63
7,train,64
7,train,65
7,train,66
7,train,67
7,train,68
7,train,69
7,train,70
7,train,71
7,train,72
7,train,74
7,train,75
7,train,76
7,train,77
7,train,78
7,train,79
7,train,80
7,train,81
7,train,82
7,train,83
7,train,84
7,train,85
7,train,86
7,train,87
7,train,88
7,train,89
7,train,90
7,train,91
7,train,92
7,train,93
7,train,94
7,train,95
7,train,96
7,train,97
7,train,98
7,train,99
7,train,100
7,train,101
7,train,102
7,train,103
7,train,104
7,train,105
7,train,106
7,train,107
7,train,108
7,train,109
7,train,110
7,train,111
7,train,113
7,train,114
7,train,115
7,train,116
7,train,117
7,train,118
7,train,119
7,train,120
7,train,121
7,train,122
7,train,123
7,train,124
7,train,125
7,train,127
7,train,128
7,train,129
7,train,130
7,train,131
7,train,132
7,train,133
7,train,134
7,train,135
7,train,136
7,train,137
7,train,138
7,train,139
7,train,140
7,train,141
7,train,142
7,train,143
7,train,144
7,train,145
7,train,146
7,train,147
7,train,148
7,train,149
7,train,150
7,train,151
7,train,153
7,train,154
7,train,155
7,train,156
7,train,157
7,train,158
7,train,159
7,train,160
7,train,161
7,train,162
7,train,163
7,train,164
7,train,165
7,train,166
7,train,167
7,train,168
7,train,169
7,train,170
7,train,172
7,train,173
7,train,174
7,train,175
7,train,176
7,train,177
7,train,178
7,train,179
7,train,180
7,train,181
7,train,182
7,train,184
7,train,185
7,train,186
7,train,187
7,train,190
7,train,191
7,train,193
7,train,195
7,train,197
7,train,198
7,train,199
7,train,200
7,train,201
7,train,202
7,train,203
7,train,204
7,train,205
7,train,206
7,train,208
7,train,209
7,train,210
7,train,211
7,train,213
7,train,214
7,train,215
7,train,216
7,train,217
7,train,218
7,train,219
7,train,221
7,train,222
7,train,224
7,train,225
7,train,226
7,train,227
7,train,229
7,train,230
7,train,231
7,train,232
7,train,233
7,train,235
7,train,237
7,train,238
7,train,239
7,train,240
7,train,242
7,train,243
7,train,244
7,train,245
7,train,246
7,train,247
7,train,248
7,train,249
7,train,250
7,train,252
7,train,253
7,train,254
7,train,255
7,train,256
7,train,257
7,train,258
7,train,259
7,train,260
7,train,261
7,train,262
7,train,263
7,train,264
7,train,265
7,train,266
7,train,267
7,train,268
7,train,270
7,train,271
7,train,272
7,train,273
7,train,274
7,train,275
7,train,276
7,train,277
7,train,278
7,train,279
7,train,280
7,train,281
7,train,282
7,train,283
7,train,284
7,train,285
7,train,286
7,train,287
7,train,288
7,train,290
7,train,291
7,train,293
7,train,294
7,train,295
7,train,296
7,train,298
7,train,299
7,train,300
7,train,301
7,train,302
7,train,303
7,train,304
7,train,305
7,train,306
7,train,307
7,train,308
7,train,309
7,train,311
7,train,312
7,train,313
7,train,314
7,train,315
7,train,316
7,train,317
7,train,318
7,train,319
7,train,320
7,train,321
7,train,322
7,train,323
7,train,324
7,train,325
7,train,326
7,train,328
7,train,329
7,train,330
7,train,331
7,train,332
7,train,333
7,train,334
7,train,335
7,train,336
7,train,337
7,train,338
7,train,339
7,train,340
7,train,341
7,train,342
7,train,343
7,train,344
7,train,345
7,train,346
7,train,347
7,train,348
7,train,349
7,train,350
7,train,351
7,train,352
7,train,353
7,train,355
7,train,356
7,train,357
7,train,358
7,train,359
7,train,360
7,train,364
7,train,365
7,train,366
7,train,367
7,train,368
7,train,369
7,train,370
7,train,372
7,train,373
7,train,376
7,train,377
7,train,378
7,train,379
7,train,380
7,train,381
7,train,382
7,train,383
7,train,384
7,train,385
7,train,386
7,train,387
7,train,388
7,train,390
7,train,392
7,train,393
7,train,394
7,train,395
7,train,396
7,train,397
7,train,398
7,train,400
7,train,401
7,train,402
7,train,403
7,train,404
7,train,407
7,train,408
7,train,409
7,train,410
7,train,411
7,train,412
7,train,413
7,train,414
7,train,415
7,train,417
7,train,418
7,train,419
7,train,420
7,train,421
7,train,422
7,train,423
7,train,424
7,train,426
7,train,427
7,train,428
7,train,429
7,train,431
7,train,432
7,train,433
7,train,434
7,train,435
7,train,436
7,train,437
7,train,438
7,train,440
7,train,441
7,train,442
7,train,443
7,train,444
7,train,446
7,train,447
7,train,449
7,train,451
7,train,452
7,train,453
7,train,454
7,train,455
7,train,456
7,train,457
7,train,458
7,train,459
7,train,461
7,train,462
7,train,463
7,train,465
7,train,466
7,train,467
7,train,468
7,train,469
7,train,470
7,train,471
7,train,472
7,train,473
7,train,474
7,train,475
7,train,476
7,train,477
7,train,478
7,train,479
7,train,480
7,train,481
7,train,482
7,train,483
7,train,484
7,train,485
7,train,486
7,train,487
7,train,488
7,train,489
7,train,490
7,train,491
7,train,492
7,train,493
7,train,494
7,train,495
7,train,496
7,train,497
7,train,498
7,train,499
7,train,500
7,train,502
7,train,503
7,train,504
7,train,505
7,train,506
7,train,507
7,train,508
7,train,509
7,train,510
7,train,511
7,train,512
7,train,513
7,train,514
7,train,515
7,train,516
7,train,517
7,train,518
7,train,519
7,train,520
7,train,521
7,train,522
7,train,523
7,train,524
7,train,526
7,train,527
7,train,528
7,train,529
7,train,530
7,train,531
7,train,532
7,train,533
7,train,534
7,train,535
7,train,536
7,train,539
7,train,540
7,train,541
7,train,543
7,train,544
7,train,545
7,train,546
7,train,547
7,train,548
7,train,549
7,train,550
7,train,551
7,train,552
7,train,553
7,train,554
7,train,555
7,train,556
7,train,557
7,train,558
7,train,559
7,train,560
7,train,561
7,train,562
7,train,563
7,train,564
7,train,565
7,train,566
7,train,567
7,train,568
7,train,569
7,train,570
7,train,571
7,train,572
7,train,573
7,train,574
7,train,575
7,train,576
7,train,577
7,train,578
7,train,579
7,train,580
7,train,581
7,train,582
7,train,583
7,train,584
7,train,585
7,train,586
7,train,587
7,train,588
7,train,589
7,train,590
7,train,591
7,train,592
7,train,593
7,train,594
7,train,595
7,train,596
7,train,597
7,train,599
7,train,600
7,train,601
7,train,604
7,train,605
7,train,606
7,train,607
7,train,608
7,train,609
7,train,610
7,train,611
7,train,613
7,train,614
7,train,615
7,train,616
7,train,617
7,train,618
7,train,619
7,train,620
7,train,621
7,train,622
7,train,623
7,train,624
7,train,625
7,train,626
7,train,628
7,train,629
7,train,630
7,train,631
7,train,632
7,train,633
7,train,634
7,train,635
7,train,636
7,train,637
7,train,638
7,train,639
7,train,640
7,train,641
7,train,642
7,train,643
7,train,644
7,train,646
7,train,647
7,train,648
7,train,649
7,train,650
7,train,651
7,train,652
7,train,653
7,train,654
7,train,655
7,train,656
7,train,657
7,train,658
7,train,659
7,train,660
7,train,662
7,train,663
7,train,664
7,train,665
7,train,666
7,train,667
7,train,668
7,train,670
7,train,671
7,train,672
7,train,673
7,train,674
7,train,675
7,train,676
7,train,677
7,train,678
7,train,679
7,train,680
7,train,681
7,train,682
7,train,683
7,train,684
7,train,685
7,train,686
7,train,687
7,train,688
7,train,689
7,train,691
7,train,693
7,train,694
7,train,695
7,train,696
7,train,697
7,train,698
7,train,699
7,test,1
7,test,14
7,test,32
7,test,38
7,test,43
7,test,46
7,test,52
7,test,57
7,test,73
7,test,112
7,test,126
7,test,152
7,test,171
7,test,183
7,test,188
7,test,189
7,test,192
7,test,194
7,test,196
7,test,207
7,test,212
7,test,220
7,test,223
7,test,228
7,test,234
7,test,236
7,test,241
7,test,251
7,test,269
7,test,289
7,test,292
7,test,297
7,test,310
7,test,327
7,test,354
7,test,361
7,test,362
7,test,363
7,test,371
7,test,374
7,test,375
7,test,389
7,test,391
7,test,399
7,test,405
7,test,406
7,test,416
7,test,425
7,test,430
7,test,439
7,test,445
7,test,448
7,test,450
7,test,460
7,test,464
7,test,501
7,test,525
7,test,537
7,test,538
7,test,542
7,test,598
7,test,602
7,test,603
7,test,612
7,test,627
7,test,645
7,test,661
7,test,669
7,test,690
7,test,692
8,train,1
8,train,2
8,train,3
8,train,4
8,train,5
8,train,6
8,train,8
8,train,9
8,train,10
8,train,12
8,train,13
8,train,14
8,train,15
8,train,16
8,train,17
8,train,18
8,train,19
8,train,20
8,train,21
8,train,22
8,train,23
8,train,24
8,train,25
8,train,26
8,train,27
8,train,28
8,train,29
8,train,30
8,train,31
8,train,32
8,train,33
8,train,34
8,train,35
8,train,36
8,train,37
8,train,38
8,train,39
8,train,40
8,train,41
8,train,42
8,train,43
8,train,44
8,train,45
8,train,46
8,train,47
8,train,48
8,train,49
8,train,50
8,train,51
8,train,52
8,train,53
8,train,54
8,train,56
8,train,57
8,train,58
8,train,59
8,train,60
8,train,61
8,train,62
8,train,63
8,train,64
8,train,66
8,train,69
8,train,70
8,train,71
8,train,72
8,train,73
8,train,74
8,train,75
8,train,76
8,train,77
8,train,78
8,train,80
8,train,81
8,train,82
8,train,83
8,train,84
8,train,85
8,train,86
8,train,87
8,train,88
8,train,89
8,train,90
8,train,91
8,train,92
8,train,93
8,train,94
8,train,95
8,train,96
8,train,97
8,train,98
8,train,99
8,train,101
8,train,102
8,train,103
8,train,104
8,train,105
8,train,106
8,train,107
8,train,108
8,train,109
8,train,110
8,train,111
8,train,112
8,train,113
8,train,114
8,train,115
8,train,116
8,train,117
8,train,118
8,train,119
8,train,120
8,train,121
8,train,122
8,train,123
8,train,124
8,train,125
8,train,126
8,train,127
8,train,128
8,train,130
8,train,131
8,train,132
8,train,133
8,train,134
8,train,135
8,train,137
8,train,138
8,train,139
8,train,140
8,train,141
8,train,142
8,train,143
8,train,144
8,train,145
8,train,146
8,train,147
8,train,148
8,train,150
8,train,151
8,train,152
8,train,153
8,train,155
8,train,156
8,train,158
8,train,159
8,train,160
8,train,161
8,train,162
8,train,163
8,train,164
8,train,165
8,train,166
8,train,167
8,train,168
8,train,169
8,train,170
8,train,171
8,train,173
8,train,174
8,train,175
8,train,176
8,train,177
8,train,179
8,train,180
8,train,181
8,train,182
8,train,183
8,train,184
8,train,185
8,train,187
8,train,188
8,train,189
8,train,190
8,train,191
8,train,192
8,train,193
8,train,194
8,train,195
8,train,196
8,train,197
8,train,198
8,train,199
8,train,200
8,train,201
8,train,203
8,train,204
8,train,205
8,train,206
8,train,207
8,train,208
8,train,209
8,train,210
8,train,211
8,train,212
8,train,213
8,train,214
8,train,215
8,train,216
8,train,217
8,train,218
8,train,219
8,train,220
8,train,221
8,train,222
8,train,223
8,train,226
8,train,227
8,train,228
8,train,229
8,train,230
8,train,231
8,train,232
8,train,233
8,train,234
8,train,235
8,train,236
8,train,237
8,train,238
8,train,239
8,train,240
8,train,241
8,train,242
8,train,243
8,train,244
8,train,245
8,train,247
8,train,248
8,train,249
8,train,250
8,train,251
8,train,252
8,train,254
8,train,255
8,train,256
8,train,258
8,train,259
8,train,260
8,train,261
8,train,262
8,train,263
8,train,264
8,train,266
8,train,267
8,train,268
8,train,269
8,train,270
8,train,271
8,train,272
8,train,273
8,train,274
8,train,275
8,train,276
8,train,277
8,train,278
8,train,279
8,train,280
8,train,281
8,train,284
8,train,285
8,train,286
8,train,288
8,train,289
8,train,290
8,train,291
8,train,292
8,train,293
8,train,294
8,train,295
8,train,297
8,train,298
8,train,300
8,train,302
8,train,303
8,train,304
8,train,305
8,train,306
8,train,307
8,train,308
8,train,310
8,train,311
8,train,312
8,train,313
8,train,314
8,train,315
8,train,317
8,train,319
8,train,320
8,train,321
8,train,322
8,train,323
8,train,324
8,train,326
8,train,327
8,train,328
8,train,329
8,train,330
8,train,331
8,train,332
8,train,333
8,train,334
8,train,335
8,train,336
8,train,337
8,train,338
8,train,339
8,train,340
8,train,341
8,train,342
8,train,343
8,train,344
8,train,345
8,train,346
8,train,347
8,train,348
8,train,349
8,train,350
8,train,351
8,train,352
8,train,354
8,train,355
8,train,356
8,train,357
8,train,358
8,train,359
8,train,360
8,train,361
8,train,362
8,train,363
8,train,364
8,train,365
8,train,366
8,train,367
8,train,368
8,train,369
8,train,370
8,train,371
8,train,372
8,train,373
8,train,374
8,train,375
8,train,376
8,train,378
8,train,379
8,train,380
8,train,381
8,train,382
8,train,383
8,train,384
8,train,386
8,train,387
8,train,388
8,train,389
8,train,391
8,train,392
8,train,393
8,train,394
8,train,395
8,train,396
8,train,397
8,train,398
8,train,399
8,train,400
8,train,401
8,train,402
8,train,403
8,train,404
8,train,405
8,train,406
8,train,408
8,train,409
8,train,410
8,train,411
8,train,413
8,train,414
8,train,415
8,train,416
8,train,417
8,train,418
8,train,419
8,train,420
8,train,421
8,train,422
8,train,423
8,train,424
8,train,425
8,train,426
8,train,427
8,train,428
8,train,429
8,train,430
8,train,431
8,train,432
8,train,433
8,train,434
8,train,436
8,train,437
8,train,439
8,train,440
8,train,441
8,train,444
8,train,445
8,train,446
8,train,447
8,train,448
8,train,449
8,train,450
8,train,451
8,train,452
8,train,453
8,train,454
8,train,455
8,train,456
8,train,457
8,train,458
8,train,459
8,train,460
8,train,461
8,train,462
8,train,464
8,train,465
8,train,466
8,train,468
8,train,469
8,train,470
8,train,471
8,train,472
8,train,473
8,train,474
8,train,475
8,train,476
8,train,477
8,train,478
8,train,479
8,train,480
8,train,481
8,train,482
8,train,483
8,train,484
8,train,486
8,train,487
8,train,488
8,train,489
8,train,490
8,train,491
8,train,493
8,train,494
8,train,495
8,train,496
8,train,498
8,train,499
8,train,500
8,train,501
8,train,504
8,train,505
8,train,506
8,train,507
8,train,509
8,train,510
8,train,511
8,train,512
8,train,514
8,train,516
8,train,517
8,train,518
8,train,519
8,train,520
8,train,522
8,train,523
8,train,524
8,train,525
8,train,526
8,train,527
8,train,528
8,train,529
8,train,530
8,train,531
8,train,532
8,train,533
8,train,534
8,train,536
8,train,537
8,train,538
8,train,539
8,train,540
8,train,541
8,train,542
8,train,543
8,train,544
8,train,545
8,train,546
8,train,547
8,train,548
8,train,549
8,train,552
8,train,553
8,train,554
8,train,555
8,train,556
8,train,557
8,train,558
8,train,559
8,train,560
8,train,561
8,train,562
8,train,564
8,train,565
8,train,566
8,train,567
8,train,568
8,train,569
8,train,570
8,train,571
8,train,572
8,train,573
8,train,574
8,train,576
8,train,578
8,train,579
8,train,580
8,train,581
8,train,582
8,train,584
8,train,586
8,train,587
8,train,588
8,train,589
8,train,590
8,train,591
8,train,592
8,train,593
8,train,594
8,train,595
8,train,596
8,train,597
8,train,598
8,train,600
8,train,601
8,train,602
8,train,603
8,train,604
8,train,605
8,train,606
8,train,607
8,train,608
8,train,609
8,train,610
8,train,611
8,train,612
8,train,613
8,train,614
8,train,615
8,train,616
8,train,617
8,train,618
8,train,619
8,train,621
8,train,622
8,train,623
8,train,624
8,train,625
8,train,627
8,train,628
8,train,629
8,train,630
8,train,632
8,train,633
8,train,634
8,train,635
8,train,636
8,train,637
8,train,638
8,train,639
8,train,640
8,train,641
8,train,642
8,train,643
8,train,644
8,train,645
8,train,646
8,train,647
8,train,648
8,train,649
8,train,650
8,train,651
8,train,652
8,train,653
8,train,654
8,train,655
8,train,656
8,train,657
8,train,658
8,train,659
8,train,660
8,train,661
8,train,662
8,train,663
8,train,664
8,train,665
8,train,666
8,train,667
8,train,668
8,train,669
8,train,671
8,train,672
8,train,673
8,train,674
8,train,675
8,train,677
8,train,678
8,train,679
8,train,680
8,train,681
8,train,682
8,train,684
8,train,685
8,train,686
8,train,687
8,train,688
8,train,689
8,train,690
8,train,691
8,train,692
8,train,693
8,train,694
8,train,695
8,train,696
8,train,697
8,train,698
8,train,699
8,test,0
8,test,7
8,test,11
8,test,55
8,test,65
8,test,67
8,test,68
8,test,79
8,test,100
8,test,129
8,test,136
8,test,149
8,test,154
8,test,157
8,test,172
8,test,178
8,test,186
8,test,202
8,test,224
8,test,225
8,test,246
8,test,253
8,test,257
8,test,265
8,test,282
8,test,283
8,test,287
8,test,296
8,test,299
8,test,301
8,test,309
8,test,316
8,test,318
8,test,325
8,test,353
8,test,377
8,test,385
8,test,390
8,test,407
8,test,412
8,test,435
8,test,438
8,test,442
8,test,443
8,test,463
8,test,467
8,test,485
8,test,492
8,test,497
8,test,502
8,test,503
8,test,508
8,test,513
8,test,515
8,test,521
8,test,535
8,test,550
8,test,551
8,test,563
8,test,575
8,test,577
8,test,583
8,test,585
8,test,599
8,test,620
8,test,626
8,test,631
8,test,670
8,test,676
8,test,683
9,train,0
9,train,1
9,train,2
9,train,3
9,train,5
9,train,6
9,train,7
9,train,8
9,train,9
9,train,10
9,train,11
9,train,12
9,train,13
9,train,14
9,train,15
9,train,16
9,train,17
9,train,18
9,train,19
9,train,20
9,train,21
9,train,22
9,train,23
9,train,24
9,train,25
9,train,26
9,train,27
9,train,28
9,train,29
9,train,30
9,train,31
9,train,32
9,train,33
9,train,34
9,train,35
9,train,36
9,train,37
9,train,38
9,train,39
9,train,40
9,train,42
9,train,43
9,train,44
9,train,45
9,train,46
9,train,47
9,train,48
9,train,49
9,train,50
9,train,51
9,train,52
9,train,53
9,train,55
9,train,56
9,train,57
9,train,58
9,train,59
9,train,61
9,train,62
9,train,63
9,train,64
9,train,65
9,train,66
9,train,67
9,train,68
9,train,69
9,train,70
9,train,71
9,train,72
9,train,73
9,train,74
9,train,75
9,train,76
9,train,77
9,train,78
9,train,79
9,train,80
9,train,81
9,train,82
9,train,83
9,train,84
9,train,87
9,train,89
9,train,90
9,train,91
9,train,92
9,train,94
9,train,95
9,train,96
9,train,97
9,train,98
9,train,99
9,train,100
9,train,101
9,train,102
9,train,103
9,train,105
9,train,106
9,train,107
9,train,108
9,train,109
9,train,110
9,train,111
9,train,112
9,train,113
9,train,114
9,train,115
9,train,116
9,train,118
9,train,119
9,train,121
9,train,122
9,train,123
9,train,124
9,train,125
9,train,126
9,train,127
9,train,128
9,train,129
9,train,130
9,train,131
9,train,132
9,train,133
9,train,134
9,train,135
9,train,136
9,train,137
9,train,138
9,train,140
9,train,141
9,train,142
9,train,143
9,train,144
9,train,145
9,train,146
9,train,147
9,train,148
9,train,149
9,train,150
9,train,151
9,train,152
9,train,153
9,train,154
9,train,155
9,train,156
9,train,157
9,train,158
9,train,159
9,train,160
9,train,161
9,train,163
9,train,164
9,train,165
9,train,166
9,train,167
9,train,168
9,train,171
9,train,172
9,train,174
9,train,175
9,train,176
9,train,178
9,train,180
9,train,181
9,train,182
9,train,183
9,train,184
9,train,185
9,train,186
9,train,187
9,train,188
9,train,189
9,train,190
9,train,191
9,train,192
9,train,193
9,train,194
9,train,195
9,train,196
9,train,197
9,train,199
9,train,200
9,train,201
9,train,202
9,train,203
9,train,204
9,train,205
9,train,207
9,train,208
9,train,210
9,train,212
9,train,213
9,train,214
9,train,215
9,train,216
9,train,218
9,train,219
9,train,220
9,train,221
9,train,222
9,train,223
9,train,224
9,train,225
9,train,226
9,train,227
9,train,228
9,train,229
9,train,230
9,train,231
9,train,232
9,train,234
9,train,235
9,train,236
9,train,237
9,train,238
9,train,239
9,train,240
9,train,241
9,train,242
9,train,243
9,train,244
9,train,245
9,train,246
9,train,247
9,train,248
9,train,249
9,train,250
9,train,251
9,train,252
9,train,253
9,train,254
9,train,255
9,train,256
9,train,257
9,train,259
9,train,260
9,train,261
9,train,262
9,train,263
9,train,265
9,train,266
9,train,267
9,train,268
9,train,269
9,train,270
9,train,271
9,train,273
9,train,274
9,train,275
9,train,276
9,train,277
9,train,278
9,train,279
9,train,280
9,train,281
9,train,282
9,train,283
9,train,284
9,train,285
9,train,286
9,train,287
9,train,288
9,train,289
9,train,291
9,train,292
9,train,294
9,train,295
9,train,296
9,train,297
9,train,298
9,train,299
9,train,300
9,train,301
9,train,302
9,train,303
9,train,304
9,train,305
9,train,307
9,train,308
9,train,309
9,train,310
9,train,311
9,train,312
9,train,313
9,train,314
9,train,315
9,train,316
9,train,317
9,train,318
9,train,319
9,train,320
9,train,321
9,train,322
9,train,323
9,train,324
9,train,325
9,train,326
9,train,327
9,train,328
9,train,329
9,train,330
9,train,331
9,train,333
9,train,335
9,train,336
9,train,337
9,train,339
9,train,340
9,train,341
9,train,342
9,train,343
9,train,344
9,train,346
9,train,347
9,train,348
9,train,349
9,train,350
9,train,351
9,train,352
9,train,353
9,train,354
9,train,355
9,train,356
9,train,357
9,train,358
9,train,359
9,train,361
9,train,362
9,train,363
9,train,364
9,train,366
9,train,367
9,train,368
9,train,369
9,train,371
9,train,372
9,train,373
9,train,374
9,train,375
9,train,376
9,train,377
9,train,378
9,train,379
9,train,380
9,train,381
9,train,382
9,train,383
9,train,384
9,train,385
9,train,386
9,train,387
9,train,388
9,train,389
9,train,390
9,train,391
9,train,392
9,train,393
9,train,395
9,train,396
9,train,397
9,train,398
9,train,399
9,train,400
9,train,402
9,train,403
9,train,404
9,train,405
9,train,406
9,train,407
9,train,409
9,train,410
9,train,411
9,train,412
9,train,413
9,train,414
9,train,415
9,train,416
9,train,417
9,train,418
9,train,419
9,train,420
9,train,421
9,train,422
9,train,423
9,train,424
9,train,425
9,train,426
9,train,427
9,train,429
9,train,430
9,train,431
9,train,432
9,train,433
9,train,434
9,train,435
9,train,436
9,train,437
9,train,438
9,train,439
9,train,440
9,train,441
9,train,442
9,train,443
9,train,444
9,train,445
9,train,446
9,train,447
9,train,448
9,train,449
9,train,450
9,train,451
9,train,452
9,train,453
9,train,454
9,train,455
9,train,456
9,train,457
9,train,458
9,train,459
9,train,460
9,train,461
9,train,462
9,train,463
9,train,464
9,train,465
9,train,466
9,train,467
9,train,468
9,train,469
9,train,470
9,train,472
9,train,473
9,train,474
9,train,475
9,train,477
9,train,478
9,train,479
9,train,480
9,train,481
9,train,482
9,train,483
9,train,484
9,train,485
9,train,486
9,train,487
9,train,488
9,train,489
9,train,490
9,train,491
9,train,492
9,train,493
9,train,494
9,train,495
9,train,496
9,train,497
9,train,499
9,train,500
9,train,501
9,train,502
9,train,503
9,train,504
9,train,506
9,train,508
9,train,509
9,train,510
9,train,511
9,train,512
9,train,513
9,train,514
9,train,515
9,train,516
9,train,517
9,train,518
9,train,519
9,train,520
9,train,521
9,train,522
9,train,523
9,train,524
9,train,525
9,train,527
9,train,528
9,train,529
9,train,530
9,train,531
9,train,532
9,train,533
9,train,534
9,train,535
9,train,536
9,train,537
9,train,538
9,train,541
9,train,542
9,train,544
9,train,545
9,train,546
9,train,547
9,train,548
9,train,549
9,train,550
9,train,551
9,train,552
9,train,553
9,train,554
9,train,555
9,train,556
9,train,557
9,train,559
9,train,560
9,train,561
9,train,563
9,train,564
9,train,565
9,train,566
9,train,567
9,train,568
9,train,570
9,train,573
9,train,574
9,train,575
9,train,576
9,train,577
9,train,578
9,train,579
9,train,580
9,train,583
9,train,585
9,train,586
9,train,587
9,train,588
9,train,589
9,train,590
9,train,591
9,train,592
9,train,595
9,train,597
9,train,598
9,train,599
9,train,600
9,train,601
9,train,602
9,train,603
9,train,604
9,train,605
9,train,606
9,train,607
9,train,608
9,train,610
9,train,611
9,train,612
9,train,613
9,train,614
9,train,615
9,train,617
9,train,618
9,train,619
9,train,620
9,train,621
9,train,622
9,train,623
9,train,625
9,train,626
9,train,627
9,train,628
9,train,629
9,train,630
9,train,631
9,train,633
9,train,634
9,train,635
9,train,636
9,train,637
9,train,638
9,train,639
9,train,640
9,train,641
9,train,642
9,train,644
9,train,645
9,train,646
9,train,647
9,train,648
9,train,650
9,train,651
9,train,652
9,train,653
9,train,654
9,train,655
9,train,656
9,train,658
9,train,659
9,train,660
9,train,661
9,train,662
9,train,664
9,train,665
9,train,666
9,train,667
9,train,668
9,train,669
9,train,670
9,train,671
9,train,672
9,train,673
9,train,674
9,train,675
9,train,676
9,train,677
9,train,679
9,train,680
9,train,681
9,train,682
9,train,683
9,train,684
9,train,685
9,train,686
9,train,687
9,train,688
9,train,689
9,train,690
9,train,691
9,train,692
9,train,693
9,train,694
9,train,695
9,train,696
9,train,697
9,train,698
9,train,699
9,test,4
9,test,41
9,test,54
9,test,60
9,test,85
9,test,86
9,test,88
9,test,93
9,test,104
9,test,117
9,test,120
9,test,139
9,test,162
9,test,169
9,test,170
9,test,173
9,test,177
9,test,179
9,test,198
9,test,206
9,test,209
9,test,211
9,test,217
9,test,233
9,test,258
9,test,264
9,test,272
9,test,290
9,test,293
9,test,306
9,test,332
9,test,334
9,test,338
9,test,345
9,test,360
9,test,365
9,test,370
9,test,394
9,test,401
9,test,408
9,test,428
9,test,471
9,test,476
9,test,498
9,test,505
9,test,507
9,test,526
9,test,539
9,test,540
9,test,543
9,test,558
9,test,562
9,test,569
9,test,571
9,test,572
9,test,581
9,test,582
9,test,584
9,test,593
9,test,594
9,test,596
9,test,609
9,test,616
9,test,624
9,test,632
9,test,643
9,test,649
9,test,657
9,test,663
9,test,678
